Names,Dates
"
Introducing Oxylabs’ Proxy Manager App
","
Dedicated IPs vs. Shared IPs
"
"
Web Scraping With PHP
","
Dedicated IPs vs. Shared IPs
"
"
How Alternative Data Drives E-Commerce Success
","
Dedicated IPs vs. Shared IPs
"
"
Building a Web Scraper in Golang
","
Dedicated IPs vs. Shared IPs
"
"
Puppeteer on AWS Lambda
","
Dedicated IPs vs. Shared IPs
"
"
How to Automate Competitors’ & Benchmark Analysis With Python
","
Dedicated IPs vs. Shared IPs
"
"
Web Scraping With R
","
Dedicated IPs vs. Shared IPs
"
"
Web Scraping With Ruby
","
Dedicated IPs vs. Shared IPs
"
"
E-Commerce Keywords Research: Data Collection Challenges and Solutions
","
Dedicated IPs vs. Shared IPs
"
"
What Is Data Mining?
","
Dedicated IPs vs. Shared IPs
"
"
What is Browser Fingerprinting?
","
Dedicated IPs vs. Shared IPs
"
"
Poor Quality Data Might Cost You Too Much
","
Dedicated IPs vs. Shared IPs
"
"
Search Engine Scraping: What You Should Know
","
Dedicated IPs vs. Shared IPs
"
"
Scraper APIs: Get Instant Free Trial
","
Dedicated IPs vs. Shared IPs
"
"
How to Extract Data from A Website?
","
Dedicated IPs vs. Shared IPs
"
"
What Is a Session and How Is It Used in Web Scraping?
","
Dedicated IPs vs. Shared IPs
"
"
Aezakmi Proxy Integration With Oxylabs
","
Dedicated IPs vs. Shared IPs
"
"
What Is Affiliate Fraud and How to Prevent It?
","
Dedicated IPs vs. Shared IPs
"
"
Proxy Integration With ParseHub
","
Dedicated IPs vs. Shared IPs
"
"
Helium Scraper Proxy Integration With Oxylabs
","
Dedicated IPs vs. Shared IPs
"
"
Oxylabs Proxy Integration With Ghost Browser
","
Dedicated IPs vs. Shared IPs
"
"
Proxy Integration With WebHarvy
","
Dedicated IPs vs. Shared IPs
"
"
Playwright Proxy Integration With Oxylabs
","
Dedicated IPs vs. Shared IPs
"
"
What Is Sentiment Analysis?
","
Dedicated IPs vs. Shared IPs
"
"
Proxy Integration With Octoparse
","
Dedicated IPs vs. Shared IPs
"
"
News Scraping: Everything You Need to Know
","
Dedicated IPs vs. Shared IPs
"
"
What Is Data Normalization?
","
Dedicated IPs vs. Shared IPs
"
"
Incogniton Integration with Oxylabs
","
Dedicated IPs vs. Shared IPs
"
"
Web Scraping with Playwright: Tutorial for 2022
","
Dedicated IPs vs. Shared IPs
"
"
Selenium Proxy Integration with Oxylabs
","
Dedicated IPs vs. Shared IPs
"
"
Free White Paper: E-commerce Drives ROI Upwards with Alternative Data
","
Dedicated IPs vs. Shared IPs
"
"
Next Chapter for Real-Time Crawler: New Products With Dedicated Focus
","
Dedicated IPs vs. Shared IPs
"
"
Web Scraper API Quick Start Guide
","
Dedicated IPs vs. Shared IPs
"
"
E-Commerce Scraper API Quick Start Guide
","
Dedicated IPs vs. Shared IPs
"
"
SERP Scraper API Quick Start Guide
","
Dedicated IPs vs. Shared IPs
"
"
Free White Paper: Proxies Buying Guide for Enterprises
","
Dedicated IPs vs. Shared IPs
"
"
Data Wrangling: What Is It and Why Is It Important?
","
Dedicated IPs vs. Shared IPs
"
"
Most Common HTTP Headers
","
Dedicated IPs vs. Shared IPs
"
"
HTTP vs. HTTPS: What Is the Difference?
","
Dedicated IPs vs. Shared IPs
"
"
Rotating ISP Proxies: Be in Control of Your Scraping Sessions
","
Dedicated IPs vs. Shared IPs
"
"
13 Tips on How to Crawl a Website Without Getting Blocked
","
Dedicated IPs vs. Shared IPs
"
"
Introducing Mobile Proxies: Harness the Power of Mobile IPs
","
Dedicated IPs vs. Shared IPs
"
"
Firmographic Data for Marketing: Everything You Need to Know
","
Dedicated IPs vs. Shared IPs
"
"
What Is Parsing of Data?
","
Dedicated IPs vs. Shared IPs
"
"
Data-Driven Marketing: How Big Data Helps Make Business Decisions
","
Dedicated IPs vs. Shared IPs
"
"
How to Read HTML Tables with Pandas
","
Dedicated IPs vs. Shared IPs
"
"
How To Hide IP Address
","
Dedicated IPs vs. Shared IPs
"
"
Reading & Parsing JSON Data With Python: Tutorial
","
Dedicated IPs vs. Shared IPs
"
"
lxml Tutorial: XML Processing and Web Scraping With lxml
","
Dedicated IPs vs. Shared IPs
"
"
The Role of Web Scraping in Data-Driven Investing
","
Dedicated IPs vs. Shared IPs
"
"
OxyCon 2021: The Top Takeaways From Day Two
","
Dedicated IPs vs. Shared IPs
"
"
OxyCon 2021: The Top Takeaways From Day One
","
Dedicated IPs vs. Shared IPs
"
"
Oxylabs Proxy Integration With Puppeteer
","
Dedicated IPs vs. Shared IPs
"
"
Free White Paper: Web Scraping in the Travel Industry: Main Challenges and Use Cases
","
Dedicated IPs vs. Shared IPs
"
"
What Is Financial Data?
","
Dedicated IPs vs. Shared IPs
"
"
WebSocket vs HTTP: The Differences
","
Dedicated IPs vs. Shared IPs
"
"
How to Test Proxies
","
Dedicated IPs vs. Shared IPs
"
"
Free White Paper: How to Build a Successful Competitive Intelligence Process?
","
Dedicated IPs vs. Shared IPs
"
"
Oxylabs Proxy Integration With Undetectable.io
","
Dedicated IPs vs. Shared IPs
"
"
How to Use cURL With Proxy?
","
Dedicated IPs vs. Shared IPs
"
"
Python Web Scraping Tutorial: Step-By-Step
","
Dedicated IPs vs. Shared IPs
"
"
OxyCon Agenda Announced – How to Make the Most of It?
","
Dedicated IPs vs. Shared IPs
"
"
Web Scraping With C#
","
Dedicated IPs vs. Shared IPs
"
"
Web Scraping With Java
","
Dedicated IPs vs. Shared IPs
"
"
ML-Based Adaptive Parser Is Now In Production
","
Dedicated IPs vs. Shared IPs
"
"
What is API (Application Programming Interface)?
","
Dedicated IPs vs. Shared IPs
"
"
What is a Private Proxy? [Quick Guide 2022]
","
Dedicated IPs vs. Shared IPs
"
"
Real Estate Web Scraping: How’s It Revolutionizing this Industry?
","
Dedicated IPs vs. Shared IPs
"
"
What Is a Bot and How Does It Work?
","
Dedicated IPs vs. Shared IPs
"
"
The Driving Force of Search Engine Ad Intelligence
","
Dedicated IPs vs. Shared IPs
"
"
Business Leads Scraper: What Do You Need To Know?
","
Dedicated IPs vs. Shared IPs
"
"
XPath vs CSS Selectors
","
Dedicated IPs vs. Shared IPs
"
"
Proxy vs VPN
","
Dedicated IPs vs. Shared IPs
"
"
Sources of Competitive Intelligence and Best Practices
","
Dedicated IPs vs. Shared IPs
"
"
Free White Paper: Why Is Alternative Data Playing an Increasingly Larger Role in Financial Markets
","
Dedicated IPs vs. Shared IPs
"
"
Reverse Proxy vs. Forward Proxy: The Differences
","
Dedicated IPs vs. Shared IPs
"
"
Is Web Scraping Legal?
","
Dedicated IPs vs. Shared IPs
"
"
Pagination In Web Scraping: How Challenging It May Be
","
Dedicated IPs vs. Shared IPs
"
"
What Is an IP Address?
","
Dedicated IPs vs. Shared IPs
"
"
Datacenter Proxies vs Residential Proxies
","
Dedicated IPs vs. Shared IPs
"
"
Concurrency vs Parallelism: The Main Differences
","
Dedicated IPs vs. Shared IPs
"
"
Free White Paper: Alternative Data Brings Opportunities to The Financial Sector
","
Dedicated IPs vs. Shared IPs
"
"
Residential Proxy Self-Service Update: Easily Change Your Plan!
","
Dedicated IPs vs. Shared IPs
"
"
Oxylabs Webinar: Web Scraping for Business – Why Every Company Should Do It
","
Dedicated IPs vs. Shared IPs
"
"
Manage Your Datacenter Proxies Via Datacenter Proxy API
","
Dedicated IPs vs. Shared IPs
"
"
What is a Rotating IP Address?
","
Dedicated IPs vs. Shared IPs
"
"
Free Webinar: Why Ethically Sourced Proxies Should Be The Only Proxies
","
Dedicated IPs vs. Shared IPs
"
"
What is Jupyter Notebook: Introduction
","
Dedicated IPs vs. Shared IPs
"
"
Choosing Between SOCKS vs HTTP Proxy
","
Dedicated IPs vs. Shared IPs
"
"
Web Scraping Project Ideas: Where to Begin?
","
Dedicated IPs vs. Shared IPs
"
"
OxyCon 2021: Web Scraping Conference You Don’t Want To Miss
","
Dedicated IPs vs. Shared IPs
"
"
What Is A Honeypot and How Does It Work?
","
Dedicated IPs vs. Shared IPs
"
"
Residential Proxy Sourcing: Risks
","
Dedicated IPs vs. Shared IPs
"
"
Pricing Intelligence: Focus on Data-Driven Decision Making
","
Dedicated IPs vs. Shared IPs
"
"
Building Price Scraping Tools: Picking the Best Proxies
","
Dedicated IPs vs. Shared IPs
"
"
Web Scraping vs Web Crawling: The Differences
","
Dedicated IPs vs. Shared IPs
"
"
Residential Proxy Sourcing: Worst Practices
","
Dedicated IPs vs. Shared IPs
"
"
Postern Proxy Integration with Oxylabs
","
Dedicated IPs vs. Shared IPs
"
"
What Is Online Reputation Management?
","
Dedicated IPs vs. Shared IPs
"
"
Shadowrocket Integration With Oxylabs
","
Dedicated IPs vs. Shared IPs
"
"
What is a Headless Browser?
","
Dedicated IPs vs. Shared IPs
"
"
Under the Hood of Anti-Counterfeiting Technology
","
Dedicated IPs vs. Shared IPs
"
"
Oxylabs Signs Exclusive Contract with Honeygain
","
Dedicated IPs vs. Shared IPs
"
"
Oxylabs Solutions Help Searchmetrics Provide Fresh Data
","
Dedicated IPs vs. Shared IPs
"
"
What is Phishing?
","
Dedicated IPs vs. Shared IPs
"
"
What is Web Scraping?
","
Dedicated IPs vs. Shared IPs
"
"
How to Avoid Phishing With Proxies?
","
Dedicated IPs vs. Shared IPs
"
"
Oxylabs Webinar: Web Scraping From a Legal Perspective
","
Dedicated IPs vs. Shared IPs
"
"
Free White Paper: Guide to Threat Intelligence Data Acquisition
","
Dedicated IPs vs. Shared IPs
"
"
Free White Paper: Commercial Data as Alternative Data for Financial Industry
","
Dedicated IPs vs. Shared IPs
"
"
How Proxies Help Improve Ad Verification?
","
Dedicated IPs vs. Shared IPs
"
"
Web Scraping Job Postings: Challenges and Best Solutions
","
Dedicated IPs vs. Shared IPs
"
"
SERP Scraper API Equips Pi-Datametrics With Timely and Reliable Data
","
Dedicated IPs vs. Shared IPs
"
"
Datacenter Proxies Quick Start Guide
","
Dedicated IPs vs. Shared IPs
"
"
Finance Companies Pay the Price for Overlooking Alternative Data
","
Dedicated IPs vs. Shared IPs
"
"
What is a Proxy Server [2022 Guide]
","
Dedicated IPs vs. Shared IPs
"
"
What Are Backconnect Proxies?
","
Dedicated IPs vs. Shared IPs
"
"
VMLogin Integration with Oxylabs
","
Dedicated IPs vs. Shared IPs
"
"
Screening Multiple Targets for Cybersecurity
","
Dedicated IPs vs. Shared IPs
"
"
How to Build a Web Scraper?
","
Dedicated IPs vs. Shared IPs
"
"
What Is HTTP Proxy?
","
Dedicated IPs vs. Shared IPs
"
"
How to Detect Bot Traffic?
","
Dedicated IPs vs. Shared IPs
"
"
Scraping Images for Intellectual Property Protection
","
Dedicated IPs vs. Shared IPs
"
"
Illegal Content: How We Built an AI-powered Tool to Detect It Online
","
Dedicated IPs vs. Shared IPs
"
"
Online Media Monitoring: Challenges and Solutions
","
Dedicated IPs vs. Shared IPs
"
"
Scraping Product Information: Static vs Rotating Proxies
","
Dedicated IPs vs. Shared IPs
"
"
The Ultimate Guide on Choosing Proxies for Email Protection
","
Dedicated IPs vs. Shared IPs
"
"
Web Scraping on a Large-Scale for E-Commerce (Ultimate Guide)
","
Dedicated IPs vs. Shared IPs
"
"
Oxylabs Team Presents a Winning Solution for Cleaner Internet
","
Dedicated IPs vs. Shared IPs
"
"
CEO’s Guide to Data Extraction
","
Dedicated IPs vs. Shared IPs
"
"
Acquiring Data Directly From Search Engines: Methods
","
Dedicated IPs vs. Shared IPs
"
"
Proxies for Cybersecurity Solutions
","
Dedicated IPs vs. Shared IPs
"
"
Proxy SwitchyOmega: A Reliable Proxy Manager
","
Dedicated IPs vs. Shared IPs
"
"
The Ultimate Guide on Web Scraping for Brand Protection
","
Dedicated IPs vs. Shared IPs
"
"
Semi-Dedicated Proxies: What Are They?
","
Dedicated IPs vs. Shared IPs
"
"
AdsPower Proxy Integration with Oxylabs
","
Dedicated IPs vs. Shared IPs
"
"
Oxylabs Residential Proxies Unlock the World for trivago
","
Dedicated IPs vs. Shared IPs
"
"
What is MAP Monitoring?
","
Dedicated IPs vs. Shared IPs
"
"
What is Dynamic Pricing?
","
Dedicated IPs vs. Shared IPs
"
"
What is Load Testing?
","
Dedicated IPs vs. Shared IPs
"
"
Are SOCKS5 Proxies Secure Enough for Your Business Needs?
","
Dedicated IPs vs. Shared IPs
"
"
CTO’s Checklist: 6 Things to Know About Web Scraping
","
Dedicated IPs vs. Shared IPs
"
"
What Are HTTP Cookies and What Are They Used For?
","
Dedicated IPs vs. Shared IPs
"
"
Oxylabs Webinar: The Future of Web Scraping – Next-Gen Residential Proxies
","
Dedicated IPs vs. Shared IPs
"
"
What is Python Used For: Top 6 Options
","
Dedicated IPs vs. Shared IPs
"
"
Oxylabs Wins GovTech Lab Challenge With AI-Driven Solution
","
Dedicated IPs vs. Shared IPs
"
"
How to Configure a Proxy Server in Firefox?
","
Dedicated IPs vs. Shared IPs
"
"
Puppeteer Tutorial: Scraping With a Headless Browser
","
Dedicated IPs vs. Shared IPs
"
"
Residential Proxies Quick Start Guide
","
Dedicated IPs vs. Shared IPs
"
"
What is Alternative Data?
","
Dedicated IPs vs. Shared IPs
"
"
Residential Proxy Acquisition: Best Practices
","
Dedicated IPs vs. Shared IPs
"
"
IPv4 vs. IPv6: What is the Difference?
","
Dedicated IPs vs. Shared IPs
"
"
What is cURL and What Does It Mean?
","
Dedicated IPs vs. Shared IPs
"
"
Python Requests Library
","
Dedicated IPs vs. Shared IPs
"
"
Kameleo Proxy Integration with Oxylabs
","
Dedicated IPs vs. Shared IPs
"
"
Proxy Integration With GoLogin
","
Dedicated IPs vs. Shared IPs
"
"
Free White Paper: Load Testing with Residential Proxies
","
Dedicated IPs vs. Shared IPs
"
"
How Do CAPTCHAs Work?
","
Dedicated IPs vs. Shared IPs
"
"
Oxylabs Reaches 100M+ Ethically-Obtained Residential Proxies Mark
","
Dedicated IPs vs. Shared IPs
"
"
What is a Web Crawler?
","
Dedicated IPs vs. Shared IPs
"
"
Free White Paper: The Application of AI and ML in Large-Scale Data Gathering Operations
","
Dedicated IPs vs. Shared IPs
"
"
Oxylabs Sets Clear Standards for Residential Proxy Acquisition
","
Dedicated IPs vs. Shared IPs
"
"
ML-based Adaptive Parser for Product Page Scraping
","
Dedicated IPs vs. Shared IPs
"
"
Using Python and Beautiful Soup to Parse Data: Intro Tutorial
","
Dedicated IPs vs. Shared IPs
"
"
Oxylabs Establishes AI and ML Advisory Board
","
Dedicated IPs vs. Shared IPs
"
"
Web Scraping with JavaScript and Node.js
","
Dedicated IPs vs. Shared IPs
"
"
Next-Gen Residential Proxies Vs Regular Residential Proxies
","
Dedicated IPs vs. Shared IPs
"
"
AI-Fueled Proxy Service Revolution: Next-Gen Residential Proxies
","
Dedicated IPs vs. Shared IPs
"
"
Oxylabs Is Launching Next-Gen Residential Proxies
","
Dedicated IPs vs. Shared IPs
"
"
Web Scraping With Selenium: DIY or Buy?
","
Dedicated IPs vs. Shared IPs
"
"
Setting the Right Approach to Web Scraping
","
Dedicated IPs vs. Shared IPs
"
"
Scrape Images From a Website with Python
","
Dedicated IPs vs. Shared IPs
"
"
Choosing the Right Proxy Service Provider
","
Dedicated IPs vs. Shared IPs
"
"
HTTP Headers Explained
","
Dedicated IPs vs. Shared IPs
"
"
Oxylabs Webinar: Residential Proxy Usage Mistakes and How to Solve Them
","
Dedicated IPs vs. Shared IPs
"
"
Helping to Save on Data Acquisition Costs for Pricing Intelligence
","
Dedicated IPs vs. Shared IPs
"
"
Oxylabs Filed Antitrust Claims Against Luminati (now Bright Data), Its Investor EMK Capital, and Hola
","
Dedicated IPs vs. Shared IPs
"
"
Reducing Data Acquisition Costs For Search Intelligence Company
","
Dedicated IPs vs. Shared IPs
"
"
Oxylabs Partnership With CoronaMapper: Another Success Story
","
Dedicated IPs vs. Shared IPs
"
"
Building Your Own Yellow Pages Scraper
","
Dedicated IPs vs. Shared IPs
"
"
TrackCorona Skyrockets to Popularity After Collaborating With Oxylabs
","
Dedicated IPs vs. Shared IPs
"
"
Building Up Web Robots: Oxylabs’ Proxies Bring Expansion
","
Dedicated IPs vs. Shared IPs
"
"
Stock Market Data – How to Scrape It
","
Dedicated IPs vs. Shared IPs
"
"
Most Common User Agents For Price Scraping
","
Dedicated IPs vs. Shared IPs
"
"
Automotive Industry Data Scraping: How’s It Changing this Market?
","
Dedicated IPs vs. Shared IPs
"
"
How to Achieve Cost-effective and Scalable Web Scraping for Product Listings
","
Dedicated IPs vs. Shared IPs
"
"
How to Use Proxy Rotator: Make the Most of Your Datacenter Proxies
","
Dedicated IPs vs. Shared IPs
"
"
Data Gathering Methods for E-Commerce: Building Web Scrapers
","
Dedicated IPs vs. Shared IPs
"
"
Shared Proxies: What are They?
","
Dedicated IPs vs. Shared IPs
"
"
Introducing Oxylabs Self-Service!
","
Dedicated IPs vs. Shared IPs
"
"
Oxylabs and Lloyd’s Partnership: Cyber Insurance for All Proxy Solutions
","
Dedicated IPs vs. Shared IPs
"
"
Optimizing Dynamic Pricing for E-commerce
","
Dedicated IPs vs. Shared IPs
"
"
What is SSL Proxy and What Are Its Benefits?
","
Dedicated IPs vs. Shared IPs
"
"
Update Regarding January 3, 2020 Oxylabs-Resolved Lawsuit With Luminati (now Bright Data﻿)
","
Dedicated IPs vs. Shared IPs
"
"
What Is a Static Proxy?
","
Dedicated IPs vs. Shared IPs
"
"
Oxylabs Announces Partnership With CoronaMapper
","
Dedicated IPs vs. Shared IPs
"
"
Oxylabs Announces Partnership With Student-led TrackCorona
","
Dedicated IPs vs. Shared IPs
"
"
Reaching the World-Leading Number of Residential Proxies
","
Dedicated IPs vs. Shared IPs
"
"
Data Mining and Machine Learning: What’s the Difference?
","
Dedicated IPs vs. Shared IPs
"
"
Oxylabs Update: Coronavirus
","
Dedicated IPs vs. Shared IPs
"
"
What is Data Aggregation?
","
Dedicated IPs vs. Shared IPs
"
"
Gathering Data for Sales Intelligence
","
Dedicated IPs vs. Shared IPs
"
"
Oxylabs Sued Luminati (now Bright Data) and Its Investor EMK Capital LLP for Unfair Competition
","
Dedicated IPs vs. Shared IPs
"
"
Oxylabs’ 2020 Trend Report: Regions
","
Dedicated IPs vs. Shared IPs
"
"
Oxylabs’ 2020 Trend Report: Residential Proxies
","
Dedicated IPs vs. Shared IPs
"
"
Oxylabs’ 2020 Trend Report: 2017-2019 Case Studies
","
Dedicated IPs vs. Shared IPs
"
"
Oxylabs’ 2020 Trend Report: Datacenter Proxies
","
Dedicated IPs vs. Shared IPs
"
"
Setting Up Proxies With Proxifier
","
Dedicated IPs vs. Shared IPs
"
"
Introducing a Smaller Residential Proxies Pricing Plan
","
Dedicated IPs vs. Shared IPs
"
"
Set Up Your Proxies With Multilogin
","
Dedicated IPs vs. Shared IPs
"
"
The Rising Demand for Data: Oxylabs’ 2020 Trend Report
","
Dedicated IPs vs. Shared IPs
"
"
How To Set up FoxyProxy with Oxylabs Proxies
","
Dedicated IPs vs. Shared IPs
"
"
Join Us for a Networking Event for Web Scraping Professionals
","
Dedicated IPs vs. Shared IPs
"
"
Update Regarding Luminati (now Bright Data) vs. Oxylabs Legal Case
","
Dedicated IPs vs. Shared IPs
"
"
Jarvee: What It Is and How to Set Up Its Proxies
","
Dedicated IPs vs. Shared IPs
"
"
Black Friday Web Scraping Insights
","
Dedicated IPs vs. Shared IPs
"
"
Subscribing to Oxylabs’ YouTube Channel Is Worth It!
","
Dedicated IPs vs. Shared IPs
"
"
Fingerprinting and Its Impact on Web Scraping
","
Dedicated IPs vs. Shared IPs
"
"
Scraping Trends and Infrastructure Sustainability
","
Dedicated IPs vs. Shared IPs
"
"
Using Browsers as a Service for Web Data Gathering
","
Dedicated IPs vs. Shared IPs
"
"
How Websites Block Bots
","
Dedicated IPs vs. Shared IPs
"
"
OxyCon 2019: The Top Takeaways From Day Two
","
Dedicated IPs vs. Shared IPs
"
"
OxyCon 2019: The Top Takeaways From Day One
","
Dedicated IPs vs. Shared IPs
"
"
OxyCon 2019: Data Gathering Conference for Leading Businesses
","
Dedicated IPs vs. Shared IPs
"
"
Data Collection Industry: Q2 Insights and Predictions for Q3
","
Dedicated IPs vs. Shared IPs
"
"
Introducing Oxylabs’ Data Research Team
","
Dedicated IPs vs. Shared IPs
"
"
Chrome Proxy Settings: How to Use it
","
Dedicated IPs vs. Shared IPs
"
"
Dedicated IPs vs. Shared IPs
","
Dedicated IPs vs. Shared IPs
"
